{
    "Logistic Regression": {
        "accuracy": 0.8038379530916845,
        "auc": 0.8359290473207676,
        "precision": 0.6484848484848484,
        "recall": 0.5721925133689839,
        "f1": 0.6079545454545454,
        "mcc": 0.479493664838536,
        "confusion_matrix": [
            [
                917,
                116
            ],
            [
                160,
                214
            ]
        ],
        "classification_report": {
            "0": {
                "precision": 0.851439182915506,
                "recall": 0.8877057115198451,
                "f1-score": 0.8691943127962085,
                "support": 1033.0
            },
            "1": {
                "precision": 0.6484848484848484,
                "recall": 0.5721925133689839,
                "f1-score": 0.6079545454545454,
                "support": 374.0
            },
            "accuracy": 0.8038379530916845,
            "macro avg": {
                "precision": 0.7499620157001772,
                "recall": 0.7299491124444145,
                "f1-score": 0.738574429125377,
                "support": 1407.0
            },
            "weighted avg": {
                "precision": 0.7974911224485083,
                "recall": 0.8038379530916845,
                "f1-score": 0.7997531806101517,
                "support": 1407.0
            }
        }
    },
    "Decision Tree": {
        "accuracy": 0.7903340440653873,
        "auc": 0.8231709211009934,
        "precision": 0.616519174041298,
        "recall": 0.5588235294117647,
        "f1": 0.5862552594670407,
        "mcc": 0.4472648756995305,
        "confusion_matrix": [
            [
                903,
                130
            ],
            [
                165,
                209
            ]
        ],
        "classification_report": {
            "0": {
                "precision": 0.8455056179775281,
                "recall": 0.8741529525653436,
                "f1-score": 0.8595906711089957,
                "support": 1033.0
            },
            "1": {
                "precision": 0.616519174041298,
                "recall": 0.5588235294117647,
                "f1-score": 0.5862552594670407,
                "support": 374.0
            },
            "accuracy": 0.7903340440653873,
            "macro avg": {
                "precision": 0.731012396009413,
                "recall": 0.7164882409885542,
                "f1-score": 0.7229229652880182,
                "support": 1407.0
            },
            "weighted avg": {
                "precision": 0.7846378638679686,
                "recall": 0.7903340440653873,
                "f1-score": 0.7869343498907362,
                "support": 1407.0
            }
        }
    },
    "KNN": {
        "accuracy": 0.7604832977967306,
        "auc": 0.7795657733303654,
        "precision": 0.5468354430379747,
        "recall": 0.5775401069518716,
        "f1": 0.5617685305591678,
        "mcc": 0.3974259435538413,
        "confusion_matrix": [
            [
                854,
                179
            ],
            [
                158,
                216
            ]
        ],
        "classification_report": {
            "0": {
                "precision": 0.8438735177865613,
                "recall": 0.8267182962245886,
                "f1-score": 0.8352078239608802,
                "support": 1033.0
            },
            "1": {
                "precision": 0.5468354430379747,
                "recall": 0.5775401069518716,
                "f1-score": 0.5617685305591678,
                "support": 374.0
            },
            "accuracy": 0.7604832977967306,
            "macro avg": {
                "precision": 0.695354480412268,
                "recall": 0.7021292015882301,
                "f1-score": 0.698488177260024,
                "support": 1407.0
            },
            "weighted avg": {
                "precision": 0.7649167018974558,
                "recall": 0.7604832977967306,
                "f1-score": 0.7625238895385346,
                "support": 1407.0
            }
        }
    },
    "Naive Bayes": {
        "accuracy": 0.6823027718550106,
        "auc": 0.8049124868639703,
        "precision": 0.447178002894356,
        "recall": 0.8262032085561497,
        "f1": 0.5802816901408451,
        "mcc": 0.40331302505514505,
        "confusion_matrix": [
            [
                651,
                382
            ],
            [
                65,
                309
            ]
        ],
        "classification_report": {
            "0": {
                "precision": 0.909217877094972,
                "recall": 0.6302032913843175,
                "f1-score": 0.7444253859348199,
                "support": 1033.0
            },
            "1": {
                "precision": 0.447178002894356,
                "recall": 0.8262032085561497,
                "f1-score": 0.5802816901408451,
                "support": 374.0
            },
            "accuracy": 0.6823027718550106,
            "macro avg": {
                "precision": 0.678197939994664,
                "recall": 0.7282032499702336,
                "f1-score": 0.6623535380378325,
                "support": 1407.0
            },
            "weighted avg": {
                "precision": 0.786401307833401,
                "recall": 0.6823027718550106,
                "f1-score": 0.7007937283463717,
                "support": 1407.0
            }
        }
    },
    "Random Forest": {
        "accuracy": 0.7953091684434968,
        "auc": 0.8354281957436673,
        "precision": 0.6503496503496503,
        "recall": 0.49732620320855614,
        "f1": 0.5636363636363636,
        "mcc": 0.43966834084730066,
        "confusion_matrix": [
            [
                933,
                100
            ],
            [
                188,
                186
            ]
        ],
        "classification_report": {
            "0": {
                "precision": 0.8322925958965209,
                "recall": 0.9031945788964182,
                "f1-score": 0.8662952646239555,
                "support": 1033.0
            },
            "1": {
                "precision": 0.6503496503496503,
                "recall": 0.49732620320855614,
                "f1-score": 0.5636363636363636,
                "support": 374.0
            },
            "accuracy": 0.7953091684434968,
            "macro avg": {
                "precision": 0.7413211231230856,
                "recall": 0.7002603910524872,
                "f1-score": 0.7149658141301596,
                "support": 1407.0
            },
            "weighted avg": {
                "precision": 0.7839296523041048,
                "recall": 0.7953091684434968,
                "f1-score": 0.7858443556194357,
                "support": 1407.0
            }
        }
    },
    "XGBoost": {
        "accuracy": 0.7938877043354655,
        "auc": 0.8379790444735493,
        "precision": 0.6337579617834395,
        "recall": 0.5320855614973262,
        "f1": 0.5784883720930233,
        "mcc": 0.44642119829080773,
        "confusion_matrix": [
            [
                918,
                115
            ],
            [
                175,
                199
            ]
        ],
        "classification_report": {
            "0": {
                "precision": 0.8398902104300091,
                "recall": 0.888673765730881,
                "f1-score": 0.863593603010348,
                "support": 1033.0
            },
            "1": {
                "precision": 0.6337579617834395,
                "recall": 0.5320855614973262,
                "f1-score": 0.5784883720930233,
                "support": 374.0
            },
            "accuracy": 0.7938877043354655,
            "macro avg": {
                "precision": 0.7368240861067243,
                "recall": 0.7103796636141035,
                "f1-score": 0.7210409875516857,