{
    "Logistic Regression": {
        "accuracy": 0.8038379530916845,
        "auc": 0.8359290473207676,
        "precision": 0.6484848484848484,
        "recall": 0.5721925133689839,
        "f1": 0.6079545454545454,
        "mcc": 0.479493664838536,
        "confusion_matrix": [
            [
                917,
                116
            ],
            [
                160,
                214
            ]
        ],
        "classification_report": {
            "0": {
                "precision": 0.851439182915506,
                "recall": 0.8877057115198451,
                "f1-score": 0.8691943127962085,
                "support": 1033.0
            },
            "1": {
                "precision": 0.6484848484848484,
                "recall": 0.5721925133689839,
                "f1-score": 0.6079545454545454,
                "support": 374.0
            },
            "accuracy": 0.8038379530916845,
            "macro avg": {
                "precision": 0.7499620157001772,
                "recall": 0.7299491124444145,
                "f1-score": 0.738574429125377,
                "support": 1407.0
            },
            "weighted avg": {
                "precision": 0.7974911224485083,
                "recall": 0.8038379530916845,
                "f1-score": 0.7997531806101517,
                "support": 1407.0
            }
        }
    },
    "Decision Tree": {
        "accuracy": 0.7306325515280739,
        "auc": 0.6564546438129947,
        "precision": 0.493368700265252,
        "recall": 0.49732620320855614,
        "f1": 0.49533954727030627,
        "mcc": 0.3116351329908387,
        "confusion_matrix": [
            [
                842,
                191
            ],
            [
                188,
                186
            ]
        ],
        "classification_report": {
            "0": {
                "precision": 0.8174757281553398,
                "recall": 0.8151016456921588,
                "f1-score": 0.8162869607367911,
                "support": 1033.0
            },
            "1": {
                "precision": 0.493368700265252,
                "recall": 0.49732620320855614,
                "f1-score": 0.49533954727030627,
                "support": 374.0
            },
            "accuracy": 0.7306325515280739,
            "macro avg": {
                "precision": 0.6554222142102959,
                "recall": 0.6562139244503575,
                "f1-score": 0.6558132540035486,
                "support": 1407.0
            },
            "weighted avg": {
                "precision": 0.7313236112890334,
                "recall": 0.7306325515280739,
                "f1-score": 0.73097471294968,
                "support": 1407.0
            }
        }
    },
    "KNN": {
        "accuracy": 0.7604832977967306,
        "auc": 0.7795657733303654,
        "precision": 0.5468354430379747,
        "recall": 0.5775401069518716,
        "f1": 0.5617685305591678,
        "mcc": 0.3974259435538413,
        "confusion_matrix": [
            [
                854,
                179
            ],
            [
                158,
                216
            ]
        ],
        "classification_report": {
            "0": {
                "precision": 0.8438735177865613,
                "recall": 0.8267182962245886,
                "f1-score": 0.8352078239608802,
                "support": 1033.0
            },
            "1": {
                "precision": 0.5468354430379747,
                "recall": 0.5775401069518716,
                "f1-score": 0.5617685305591678,
                "support": 374.0
            },
            "accuracy": 0.7604832977967306,
            "macro avg": {
                "precision": 0.695354480412268,
                "recall": 0.7021292015882301,
                "f1-score": 0.698488177260024,
                "support": 1407.0
            },
            "weighted avg": {
                "precision": 0.7649167018974558,
                "recall": 0.7604832977967306,
                "f1-score": 0.7625238895385346,
                "support": 1407.0
            }
        }
    },
    "Naive Bayes": {
        "accuracy": 0.6823027718550106,
        "auc": 0.8049124868639703,
        "precision": 0.447178002894356,
        "recall": 0.8262032085561497,
        "f1": 0.5802816901408451,
        "mcc": 0.40331302505514505,
        "confusion_matrix": [
            [
                651,
                382
            ],
            [
                65,
                309
            ]
        ],
        "classification_report": {
            "0": {
                "precision": 0.909217877094972,
                "recall": 0.6302032913843175,
                "f1-score": 0.7444253859348199,
                "support": 1033.0
            },
            "1": {
                "precision": 0.447178002894356,
                "recall": 0.8262032085561497,
                "f1-score": 0.5802816901408451,
                "support": 374.0
            },
            "accuracy": 0.6823027718550106,
            "macro avg": {
                "precision": 0.678197939994664,
                "recall": 0.7282032499702336,
                "f1-score": 0.6623535380378325,
                "support": 1407.0
            },
            "weighted avg": {
                "precision": 0.786401307833401,
                "recall": 0.6823027718550106,
                "f1-score": 0.7007937283463717,
                "support": 1407.0
            }
        }
    },
    "Random Forest": {
        "accuracy": 0.7896233120113717,
        "auc": 0.8139989957084653,
        "precision": 0.6344827586206897,
        "recall": 0.4919786096256685,
        "f1": 0.5542168674698795,
        "mcc": 0.42522337882136274,
        "confusion_matrix": [
            [
                927,
                106
            ],
            [
                190,
                184
            ]
        ],
        "classification_report": {
            "0": {
                "precision": 0.8299015219337511,
                "recall": 0.8973862536302033,
                "f1-score": 0.8623255813953489,
                "support": 1033.0
            },
            "1": {
                "precision": 0.6344827586206897,
                "recall": 0.4919786096256685,
                "f1-score": 0.5542168674698795,
                "support": 374.0
            },
            "accuracy": 0.7896233120113717,
            "macro avg": {
                "precision": 0.7321921402772205,
                "recall": 0.6946824316279359,
                "f1-score": 0.7082712244326141,
                "support": 1407.0
            },
            "weighted avg": {
                "precision": 0.7779565201717858,
                "recall": 0.7896233120113717,
                "f1-score": 0.7804260369688204,
                "support": 1407.0
            }
        }
    },
    "XGBoost": {
        "accuracy": 0.7796730632551528,
        "auc": 0.8207184308203612,
        "precision": 0.5952380952380952,
        "recall": 0.5347593582887701,
        "f1": 0.5633802816901409,
        "mcc": 0.41767519101737605,
        "confusion_matrix": [
            [
                897,
                136
            ],
            [
                174,
                200
            ]
        ],
        "classification_report": {
            "0": {
                "precision": 0.8375350140056023,
                "recall": 0.8683446272991288,
                "f1-score": 0.8526615969581749,
                "support": 1033.0
            },
            "1": {
                "precision": 0.5952380952380952,
                "recall": 0.5347593582887701,
                "f1-score": 0.5633802816901409,
                "support": 374.0
            },
            "accuracy": 0.7796730632551528,
            "macro avg": {
                "precision": 0.7163865546218487,
                "recall": 0.7015519927939494,
                "f1-score": 0.7080209393241579,